name,description,image,thumbnail,serial
Cap1,Gray cap with petroman,nft_cap1.png,nft_cap1_thmb.png,1
Cap2,Green cap with deer,nft_cap2.png,nft_cap2_thmb.png,2
Cap3,Purple cap with petroman,nft_cap3.png,nft_cap3_thmb.png,3
Cap4,White cap with petroman,nft_cap4.png,nft_cap4_thmb.png,4
Cap5,White cap with petroman,nft_cap4.png,nft_cap4_thmb.png,5
Cap6,White cap with petroman,nft_cap4.png,nft_cap4_thmb.png,6
Cap7,White cap with petroman,nft_cap4.png,nft_cap4_thmb.png,7
Cap8,White cap with petroman,nft_cap4.png,nft_cap4_thmb.png,8
Cap9,White cap with petroman,nft_cap4.png,nft_cap4_thmb.png,9
Cap10,White cap with petroman,nft_cap4.png,nft_cap4_thmb.png,10
Cap11,White cap with petroman,nft_cap4.png,nft_cap4_thmb.png,11
Cap12,White cap with petroman,nft_cap4.png,nft_cap4_thmb.png,12
Cap13,White cap with petroman,nft_cap4.png,nft_cap4_thmb.png,13
Cap14,White cap with petroman,nft_cap4.png,nft_cap4_thmb.png,14
Cap15,White cap with petroman,nft_cap4.png,nft_cap4_thmb.png,15
Cap16,White cap with petroman,nft_cap4.png,nft_cap4_thmb.png,16
Cap17,White cap with petroman,nft_cap4.png,nft_cap4_thmb.png,17
Cap18,White cap with petroman,nft_cap4.png,nft_cap4_thmb.png,18
Cap19,White cap with petroman,nft_cap4.png,nft_cap4_thmb.png,19
Cap20,White cap with petroman,nft_cap4.png,nft_cap4_thmb.png,20
Cap21,White cap with petroman,nft_cap4.png,nft_cap4_thmb.png,21
Cap22,White cap with petroman,nft_cap4.png,nft_cap4_thmb.png,22
Cap23,White cap with petroman,nft_cap4.png,nft_cap4_thmb.png,23
Cap24,White cap with petroman,nft_cap4.png,nft_cap4_thmb.png,24
Cap25,White cap with petroman,nft_cap4.png,nft_cap4_thmb.png,25
Cap26,White cap with petroman,nft_cap4.png,nft_cap4_thmb.png,26
Cap27,White cap with petroman,nft_cap4.png,nft_cap4_thmb.png,27
Cap28,White cap with petroman,nft_cap4.png,nft_cap4_thmb.png,28
Cap29,White cap with petroman,nft_cap4.png,nft_cap4_thmb.png,29
Cap30,White cap with petroman,nft_cap4.png,nft_cap4_thmb.png,30
Cap31,White cap with petroman,nft_cap4.png,nft_cap4_thmb.png,31
Cap32,White cap with petroman,nft_cap4.png,nft_cap4_thmb.png,32
Cap33,White cap with petroman,nft_cap4.png,nft_cap4_thmb.png,33
Cap34,White cap with petroman,nft_cap4.png,nft_cap4_thmb.png,34
Cap35,White cap with petroman,nft_cap4.png,nft_cap4_thmb.png,35
Cap36,White cap with petroman,nft_cap4.png,nft_cap4_thmb.png,36
Cap37,White cap with petroman,nft_cap4.png,nft_cap4_thmb.png,37
Cap38,White cap with petroman,nft_cap4.png,nft_cap4_thmb.png,38
Cap39,White cap with petroman,nft_cap4.png,nft_cap4_thmb.png,39
Cap40,White cap with petroman,nft_cap4.png,nft_cap4_thmb.png,40
Cap41,White cap with petroman,nft_cap4.png,nft_cap4_thmb.png,41
Cap42,White cap with petroman,nft_cap4.png,nft_cap4_thmb.png,42
Cap43,White cap with petroman,nft_cap4.png,nft_cap4_thmb.png,43
Cap44,White cap with petroman,nft_cap4.png,nft_cap4_thmb.png,44
Cap45,White cap with petroman,nft_cap4.png,nft_cap4_thmb.png,45
Cap46,White cap with petroman,nft_cap4.png,nft_cap4_thmb.png,46
Cap47,White cap with petroman,nft_cap4.png,nft_cap4_thmb.png,47
Cap48,White cap with petroman,nft_cap4.png,nft_cap4_thmb.png,48
Cap49,White cap with petroman,nft_cap4.png,nft_cap4_thmb.png,49
Cap50,White cap with petroman,nft_cap4.png,nft_cap4_thmb.png,50
Cap51,White cap with petroman,nft_cap4.png,nft_cap4_thmb.png,51
Cap52,White cap with petroman,nft_cap4.png,nft_cap4_thmb.png,52
Cap53,White cap with petroman,nft_cap4.png,nft_cap4_thmb.png,53
Cap54,White cap with petroman,nft_cap4.png,nft_cap4_thmb.png,54
Cap55,White cap with petroman,nft_cap4.png,nft_cap4_thmb.png,55
Cap56,White cap with petroman,nft_cap4.png,nft_cap4_thmb.png,56
Cap57,White cap with petroman,nft_cap4.png,nft_cap4_thmb.png,57
Cap58,White cap with petroman,nft_cap4.png,nft_cap4_thmb.png,58
Cap59,White cap with petroman,nft_cap4.png,nft_cap4_thmb.png,59
Cap60,White cap with petroman,nft_cap4.png,nft_cap4_thmb.png,60
Cap61,White cap with petroman,nft_cap4.png,nft_cap4_thmb.png,61
Cap62,White cap with petroman,nft_cap4.png,nft_cap4_thmb.png,62
Cap63,White cap with petroman,nft_cap4.png,nft_cap4_thmb.png,63
Cap64,White cap with petroman,nft_cap4.png,nft_cap4_thmb.png,64
Cap65,White cap with petroman,nft_cap4.png,nft_cap4_thmb.png,65
Cap66,White cap with petroman,nft_cap4.png,nft_cap4_thmb.png,66
Cap67,White cap with petroman,nft_cap4.png,nft_cap4_thmb.png,67
Cap68,White cap with petroman,nft_cap4.png,nft_cap4_thmb.png,68
Cap69,White cap with petroman,nft_cap4.png,nft_cap4_thmb.png,69
Cap70,White cap with petroman,nft_cap4.png,nft_cap4_thmb.png,70
Cap71,White cap with petroman,nft_cap4.png,nft_cap4_thmb.png,71
Cap72,White cap with petroman,nft_cap4.png,nft_cap4_thmb.png,72
Cap73,White cap with petroman,nft_cap4.png,nft_cap4_thmb.png,73
Cap74,White cap with petroman,nft_cap4.png,nft_cap4_thmb.png,74
Cap75,White cap with petroman,nft_cap4.png,nft_cap4_thmb.png,75
Cap76,White cap with petroman,nft_cap4.png,nft_cap4_thmb.png,76
Cap77,White cap with petroman,nft_cap4.png,nft_cap4_thmb.png,77
Cap78,White cap with petroman,nft_cap4.png,nft_cap4_thmb.png,78
Cap79,White cap with petroman,nft_cap4.png,nft_cap4_thmb.png,79
Cap80,White cap with petroman,nft_cap4.png,nft_cap4_thmb.png,80
Cap81,White cap with petroman,nft_cap4.png,nft_cap4_thmb.png,81
Cap82,White cap with petroman,nft_cap4.png,nft_cap4_thmb.png,82
Cap83,White cap with petroman,nft_cap4.png,nft_cap4_thmb.png,83
Cap84,White cap with petroman,nft_cap4.png,nft_cap4_thmb.png,84
Cap85,White cap with petroman,nft_cap4.png,nft_cap4_thmb.png,85
Cap86,White cap with petroman,nft_cap4.png,nft_cap4_thmb.png,86
Cap87,White cap with petroman,nft_cap4.png,nft_cap4_thmb.png,87
Cap88,White cap with petroman,nft_cap4.png,nft_cap4_thmb.png,88
Cap89,White cap with petroman,nft_cap4.png,nft_cap4_thmb.png,89
Cap90,White cap with petroman,nft_cap4.png,nft_cap4_thmb.png,90
Cap91,White cap with petroman,nft_cap4.png,nft_cap4_thmb.png,91
Cap92,White cap with petroman,nft_cap4.png,nft_cap4_thmb.png,92
Cap93,White cap with petroman,nft_cap4.png,nft_cap4_thmb.png,93
Cap94,White cap with petroman,nft_cap4.png,nft_cap4_thmb.png,94
Cap95,White cap with petroman,nft_cap4.png,nft_cap4_thmb.png,95
Cap96,White cap with petroman,nft_cap4.png,nft_cap4_thmb.png,96
Cap97,White cap with petroman,nft_cap4.png,nft_cap4_thmb.png,97
Cap98,White cap with petroman,nft_cap4.png,nft_cap4_thmb.png,98
Cap99,White cap with petroman,nft_cap4.png,nft_cap4_thmb.png,99
Cap100,White cap with petroman,nft_cap4.png,nft_cap4_thmb.png,100
Cap101,White cap with petroman,nft_cap4.png,nft_cap4_thmb.png,101
Cap102,White cap with petroman,nft_cap4.png,nft_cap4_thmb.png,102
Cap103,White cap with petroman,nft_cap4.png,nft_cap4_thmb.png,103
Cap104,White cap with petroman,nft_cap4.png,nft_cap4_thmb.png,104
Cap105,White cap with petroman,nft_cap4.png,nft_cap4_thmb.png,105
Cap106,White cap with petroman,nft_cap4.png,nft_cap4_thmb.png,106
Cap107,White cap with petroman,nft_cap4.png,nft_cap4_thmb.png,107
Cap108,White cap with petroman,nft_cap4.png,nft_cap4_thmb.png,108
Cap109,White cap with petroman,nft_cap4.png,nft_cap4_thmb.png,109
Cap110,White cap with petroman,nft_cap4.png,nft_cap4_thmb.png,110
Cap111,White cap with petroman,nft_cap4.png,nft_cap4_thmb.png,111
Cap112,White cap with petroman,nft_cap4.png,nft_cap4_thmb.png,112
Cap113,White cap with petroman,nft_cap4.png,nft_cap4_thmb.png,113
Cap114,White cap with petroman,nft_cap4.png,nft_cap4_thmb.png,114
Cap115,White cap with petroman,nft_cap4.png,nft_cap4_thmb.png,115
Cap116,White cap with petroman,nft_cap4.png,nft_cap4_thmb.png,116
Cap117,White cap with petroman,nft_cap4.png,nft_cap4_thmb.png,117
Cap118,White cap with petroman,nft_cap4.png,nft_cap4_thmb.png,118
Cap119,White cap with petroman,nft_cap4.png,nft_cap4_thmb.png,119
Cap120,White cap with petroman,nft_cap4.png,nft_cap4_thmb.png,120
Cap121,White cap with petroman,nft_cap4.png,nft_cap4_thmb.png,121
Cap122,White cap with petroman,nft_cap4.png,nft_cap4_thmb.png,122
Cap123,White cap with petroman,nft_cap4.png,nft_cap4_thmb.png,123
Cap124,White cap with petroman,nft_cap4.png,nft_cap4_thmb.png,124
Cap125,White cap with petroman,nft_cap4.png,nft_cap4_thmb.png,125
Cap126,White cap with petroman,nft_cap4.png,nft_cap4_thmb.png,126
Cap127,White cap with petroman,nft_cap4.png,nft_cap4_thmb.png,127
Cap128,White cap with petroman,nft_cap4.png,nft_cap4_thmb.png,128
Cap129,White cap with petroman,nft_cap4.png,nft_cap4_thmb.png,129
Cap130,White cap with petroman,nft_cap4.png,nft_cap4_thmb.png,130
Cap131,White cap with petroman,nft_cap4.png,nft_cap4_thmb.png,131
Cap132,White cap with petroman,nft_cap4.png,nft_cap4_thmb.png,132
Cap133,White cap with petroman,nft_cap4.png,nft_cap4_thmb.png,133
Cap134,White cap with petroman,nft_cap4.png,nft_cap4_thmb.png,134
Cap135,White cap with petroman,nft_cap4.png,nft_cap4_thmb.png,135
Cap136,White cap with petroman,nft_cap4.png,nft_cap4_thmb.png,136
Cap137,White cap with petroman,nft_cap4.png,nft_cap4_thmb.png,137
Cap138,White cap with petroman,nft_cap4.png,nft_cap4_thmb.png,138
Cap139,White cap with petroman,nft_cap4.png,nft_cap4_thmb.png,139
Cap140,White cap with petroman,nft_cap4.png,nft_cap4_thmb.png,140
Cap141,White cap with petroman,nft_cap4.png,nft_cap4_thmb.png,141
Cap142,White cap with petroman,nft_cap4.png,nft_cap4_thmb.png,142
Cap143,White cap with petroman,nft_cap4.png,nft_cap4_thmb.png,143
Cap144,White cap with petroman,nft_cap4.png,nft_cap4_thmb.png,144
Cap145,White cap with petroman,nft_cap4.png,nft_cap4_thmb.png,145
Cap146,White cap with petroman,nft_cap4.png,nft_cap4_thmb.png,146
Cap147,White cap with petroman,nft_cap4.png,nft_cap4_thmb.png,147
Cap148,White cap with petroman,nft_cap4.png,nft_cap4_thmb.png,148
Cap149,White cap with petroman,nft_cap4.png,nft_cap4_thmb.png,149
Cap150,White cap with petroman,nft_cap4.png,nft_cap4_thmb.png,150
Cap151,White cap with petroman,nft_cap4.png,nft_cap4_thmb.png,151
Cap152,White cap with petroman,nft_cap4.png,nft_cap4_thmb.png,152
Cap153,White cap with petroman,nft_cap4.png,nft_cap4_thmb.png,153
Cap154,White cap with petroman,nft_cap4.png,nft_cap4_thmb.png,154
Cap155,White cap with petroman,nft_cap4.png,nft_cap4_thmb.png,155
Cap156,White cap with petroman,nft_cap4.png,nft_cap4_thmb.png,156
Cap157,White cap with petroman,nft_cap4.png,nft_cap4_thmb.png,157
Cap158,White cap with petroman,nft_cap4.png,nft_cap4_thmb.png,158
Cap159,White cap with petroman,nft_cap4.png,nft_cap4_thmb.png,159
Cap160,White cap with petroman,nft_cap4.png,nft_cap4_thmb.png,160
Cap161,White cap with petroman,nft_cap4.png,nft_cap4_thmb.png,161
Cap162,White cap with petroman,nft_cap4.png,nft_cap4_thmb.png,162
Cap163,White cap with petroman,nft_cap4.png,nft_cap4_thmb.png,163
Cap164,White cap with petroman,nft_cap4.png,nft_cap4_thmb.png,164
Cap165,White cap with petroman,nft_cap4.png,nft_cap4_thmb.png,165
Cap166,White cap with petroman,nft_cap4.png,nft_cap4_thmb.png,166
Cap167,White cap with petroman,nft_cap4.png,nft_cap4_thmb.png,167
Cap168,White cap with petroman,nft_cap4.png,nft_cap4_thmb.png,168
Cap169,White cap with petroman,nft_cap4.png,nft_cap4_thmb.png,169
Cap170,White cap with petroman,nft_cap4.png,nft_cap4_thmb.png,170
Cap171,White cap with petroman,nft_cap4.png,nft_cap4_thmb.png,171
Cap172,White cap with petroman,nft_cap4.png,nft_cap4_thmb.png,172
Cap173,White cap with petroman,nft_cap4.png,nft_cap4_thmb.png,173
Cap174,White cap with petroman,nft_cap4.png,nft_cap4_thmb.png,174
Cap175,White cap with petroman,nft_cap4.png,nft_cap4_thmb.png,175
Cap176,White cap with petroman,nft_cap4.png,nft_cap4_thmb.png,176
Cap177,White cap with petroman,nft_cap4.png,nft_cap4_thmb.png,177
Cap178,White cap with petroman,nft_cap4.png,nft_cap4_thmb.png,178
Cap179,White cap with petroman,nft_cap4.png,nft_cap4_thmb.png,179
Cap180,White cap with petroman,nft_cap4.png,nft_cap4_thmb.png,180
Cap181,White cap with petroman,nft_cap4.png,nft_cap4_thmb.png,181
Cap182,White cap with petroman,nft_cap4.png,nft_cap4_thmb.png,182
Cap183,White cap with petroman,nft_cap4.png,nft_cap4_thmb.png,183
Cap184,White cap with petroman,nft_cap4.png,nft_cap4_thmb.png,184
Cap185,White cap with petroman,nft_cap4.png,nft_cap4_thmb.png,185
Cap186,White cap with petroman,nft_cap4.png,nft_cap4_thmb.png,186
Cap187,White cap with petroman,nft_cap4.png,nft_cap4_thmb.png,187
Cap188,White cap with petroman,nft_cap4.png,nft_cap4_thmb.png,188
Cap189,White cap with petroman,nft_cap4.png,nft_cap4_thmb.png,189
Cap190,White cap with petroman,nft_cap4.png,nft_cap4_thmb.png,190
Cap191,White cap with petroman,nft_cap4.png,nft_cap4_thmb.png,191
Cap192,White cap with petroman,nft_cap4.png,nft_cap4_thmb.png,192
Cap193,White cap with petroman,nft_cap4.png,nft_cap4_thmb.png,193
Cap194,White cap with petroman,nft_cap4.png,nft_cap4_thmb.png,194
Cap195,White cap with petroman,nft_cap4.png,nft_cap4_thmb.png,195
Cap196,White cap with petroman,nft_cap4.png,nft_cap4_thmb.png,196
Cap197,White cap with petroman,nft_cap4.png,nft_cap4_thmb.png,197
Cap198,White cap with petroman,nft_cap4.png,nft_cap4_thmb.png,198
Cap199,White cap with petroman,nft_cap4.png,nft_cap4_thmb.png,199
Cap200,White cap with petroman,nft_cap4.png,nft_cap4_thmb.png,200
Cap201,White cap with petroman,nft_cap4.png,nft_cap4_thmb.png,201
Cap202,White cap with petroman,nft_cap4.png,nft_cap4_thmb.png,202
Cap203,White cap with petroman,nft_cap4.png,nft_cap4_thmb.png,203
Cap204,White cap with petroman,nft_cap4.png,nft_cap4_thmb.png,204
Cap205,White cap with petroman,nft_cap4.png,nft_cap4_thmb.png,205
Cap206,White cap with petroman,nft_cap4.png,nft_cap4_thmb.png,206
Cap207,White cap with petroman,nft_cap4.png,nft_cap4_thmb.png,207
Cap208,White cap with petroman,nft_cap4.png,nft_cap4_thmb.png,208
Cap209,White cap with petroman,nft_cap4.png,nft_cap4_thmb.png,209
Cap210,White cap with petroman,nft_cap4.png,nft_cap4_thmb.png,210
Cap211,White cap with petroman,nft_cap4.png,nft_cap4_thmb.png,211
Cap212,White cap with petroman,nft_cap4.png,nft_cap4_thmb.png,212
Cap213,White cap with petroman,nft_cap4.png,nft_cap4_thmb.png,213
Cap214,White cap with petroman,nft_cap4.png,nft_cap4_thmb.png,214
Cap215,White cap with petroman,nft_cap4.png,nft_cap4_thmb.png,215
Cap216,White cap with petroman,nft_cap4.png,nft_cap4_thmb.png,216
Cap217,White cap with petroman,nft_cap4.png,nft_cap4_thmb.png,217
Cap218,White cap with petroman,nft_cap4.png,nft_cap4_thmb.png,218
Cap219,White cap with petroman,nft_cap4.png,nft_cap4_thmb.png,219
Cap220,White cap with petroman,nft_cap4.png,nft_cap4_thmb.png,220
Cap221,White cap with petroman,nft_cap4.png,nft_cap4_thmb.png,221
Cap222,White cap with petroman,nft_cap4.png,nft_cap4_thmb.png,222
Cap223,White cap with petroman,nft_cap4.png,nft_cap4_thmb.png,223
Cap224,White cap with petroman,nft_cap4.png,nft_cap4_thmb.png,224
Cap225,White cap with petroman,nft_cap4.png,nft_cap4_thmb.png,225
Cap226,White cap with petroman,nft_cap4.png,nft_cap4_thmb.png,226
Cap227,White cap with petroman,nft_cap4.png,nft_cap4_thmb.png,227
Cap228,White cap with petroman,nft_cap4.png,nft_cap4_thmb.png,228
Cap229,White cap with petroman,nft_cap4.png,nft_cap4_thmb.png,229
Cap230,White cap with petroman,nft_cap4.png,nft_cap4_thmb.png,230
Cap231,White cap with petroman,nft_cap4.png,nft_cap4_thmb.png,231
Cap232,White cap with petroman,nft_cap4.png,nft_cap4_thmb.png,232
Cap233,White cap with petroman,nft_cap4.png,nft_cap4_thmb.png,233
Cap234,White cap with petroman,nft_cap4.png,nft_cap4_thmb.png,234
Cap235,White cap with petroman,nft_cap4.png,nft_cap4_thmb.png,235
Cap236,White cap with petroman,nft_cap4.png,nft_cap4_thmb.png,236
Cap237,White cap with petroman,nft_cap4.png,nft_cap4_thmb.png,237
Cap238,White cap with petroman,nft_cap4.png,nft_cap4_thmb.png,238
Cap239,White cap with petroman,nft_cap4.png,nft_cap4_thmb.png,239
Cap240,White cap with petroman,nft_cap4.png,nft_cap4_thmb.png,240
Cap241,White cap with petroman,nft_cap4.png,nft_cap4_thmb.png,241
Cap242,White cap with petroman,nft_cap4.png,nft_cap4_thmb.png,242
Cap243,White cap with petroman,nft_cap4.png,nft_cap4_thmb.png,243
Cap244,White cap with petroman,nft_cap4.png,nft_cap4_thmb.png,244
Cap245,White cap with petroman,nft_cap4.png,nft_cap4_thmb.png,245
Cap246,White cap with petroman,nft_cap4.png,nft_cap4_thmb.png,246
Cap247,White cap with petroman,nft_cap4.png,nft_cap4_thmb.png,247
Cap248,White cap with petroman,nft_cap4.png,nft_cap4_thmb.png,248
Cap249,White cap with petroman,nft_cap4.png,nft_cap4_thmb.png,249
Cap250,White cap with petroman,nft_cap4.png,nft_cap4_thmb.png,250
Cap251,White cap with petroman,nft_cap4.png,nft_cap4_thmb.png,251
Cap252,White cap with petroman,nft_cap4.png,nft_cap4_thmb.png,252
Cap253,White cap with petroman,nft_cap4.png,nft_cap4_thmb.png,253
Cap254,White cap with petroman,nft_cap4.png,nft_cap4_thmb.png,254
Cap255,White cap with petroman,nft_cap4.png,nft_cap4_thmb.png,255
Cap256,White cap with petroman,nft_cap4.png,nft_cap4_thmb.png,256
Cap257,White cap with petroman,nft_cap4.png,nft_cap4_thmb.png,257
Cap258,White cap with petroman,nft_cap4.png,nft_cap4_thmb.png,258
Cap259,White cap with petroman,nft_cap4.png,nft_cap4_thmb.png,259
Cap260,White cap with petroman,nft_cap4.png,nft_cap4_thmb.png,260
Cap261,White cap with petroman,nft_cap4.png,nft_cap4_thmb.png,261
Cap262,White cap with petroman,nft_cap4.png,nft_cap4_thmb.png,262
Cap263,White cap with petroman,nft_cap4.png,nft_cap4_thmb.png,263
Cap264,White cap with petroman,nft_cap4.png,nft_cap4_thmb.png,264
Cap265,White cap with petroman,nft_cap4.png,nft_cap4_thmb.png,265
Cap266,White cap with petroman,nft_cap4.png,nft_cap4_thmb.png,266
Cap267,White cap with petroman,nft_cap4.png,nft_cap4_thmb.png,267
Cap268,White cap with petroman,nft_cap4.png,nft_cap4_thmb.png,268
Cap269,White cap with petroman,nft_cap4.png,nft_cap4_thmb.png,269
Cap270,White cap with petroman,nft_cap4.png,nft_cap4_thmb.png,270
Cap271,White cap with petroman,nft_cap4.png,nft_cap4_thmb.png,271
Cap272,White cap with petroman,nft_cap4.png,nft_cap4_thmb.png,272
Cap273,White cap with petroman,nft_cap4.png,nft_cap4_thmb.png,273
Cap274,White cap with petroman,nft_cap4.png,nft_cap4_thmb.png,274
Cap275,White cap with petroman,nft_cap4.png,nft_cap4_thmb.png,275
Cap276,White cap with petroman,nft_cap4.png,nft_cap4_thmb.png,276
Cap277,White cap with petroman,nft_cap4.png,nft_cap4_thmb.png,277
Cap278,White cap with petroman,nft_cap4.png,nft_cap4_thmb.png,278
Cap279,White cap with petroman,nft_cap4.png,nft_cap4_thmb.png,279
Cap280,White cap with petroman,nft_cap4.png,nft_cap4_thmb.png,280
Cap281,White cap with petroman,nft_cap4.png,nft_cap4_thmb.png,281
Cap282,White cap with petroman,nft_cap4.png,nft_cap4_thmb.png,282
Cap283,White cap with petroman,nft_cap4.png,nft_cap4_thmb.png,283
Cap284,White cap with petroman,nft_cap4.png,nft_cap4_thmb.png,284
Cap285,White cap with petroman,nft_cap4.png,nft_cap4_thmb.png,285
Cap286,White cap with petroman,nft_cap4.png,nft_cap4_thmb.png,286
Cap287,White cap with petroman,nft_cap4.png,nft_cap4_thmb.png,287
Cap288,White cap with petroman,nft_cap4.png,nft_cap4_thmb.png,288
Cap289,White cap with petroman,nft_cap4.png,nft_cap4_thmb.png,289
Cap290,White cap with petroman,nft_cap4.png,nft_cap4_thmb.png,290
Cap291,White cap with petroman,nft_cap4.png,nft_cap4_thmb.png,291
Cap292,White cap with petroman,nft_cap4.png,nft_cap4_thmb.png,292
Cap293,White cap with petroman,nft_cap4.png,nft_cap4_thmb.png,293
Cap294,White cap with petroman,nft_cap4.png,nft_cap4_thmb.png,294
Cap295,White cap with petroman,nft_cap4.png,nft_cap4_thmb.png,295
Cap296,White cap with petroman,nft_cap4.png,nft_cap4_thmb.png,296
Cap297,White cap with petroman,nft_cap4.png,nft_cap4_thmb.png,297
Cap298,White cap with petroman,nft_cap4.png,nft_cap4_thmb.png,298
Cap299,White cap with petroman,nft_cap4.png,nft_cap4_thmb.png,299
Cap300,White cap with petroman,nft_cap4.png,nft_cap4_thmb.png,300
Cap301,White cap with petroman,nft_cap4.png,nft_cap4_thmb.png,301
Cap302,White cap with petroman,nft_cap4.png,nft_cap4_thmb.png,302
Cap303,White cap with petroman,nft_cap4.png,nft_cap4_thmb.png,303
Cap304,White cap with petroman,nft_cap4.png,nft_cap4_thmb.png,304
Cap305,White cap with petroman,nft_cap4.png,nft_cap4_thmb.png,305
Cap306,White cap with petroman,nft_cap4.png,nft_cap4_thmb.png,306
Cap307,White cap with petroman,nft_cap4.png,nft_cap4_thmb.png,307
Cap308,White cap with petroman,nft_cap4.png,nft_cap4_thmb.png,308
Cap309,White cap with petroman,nft_cap4.png,nft_cap4_thmb.png,309
Cap310,White cap with petroman,nft_cap4.png,nft_cap4_thmb.png,310
Cap311,White cap with petroman,nft_cap4.png,nft_cap4_thmb.png,311
Cap312,White cap with petroman,nft_cap4.png,nft_cap4_thmb.png,312
Cap313,White cap with petroman,nft_cap4.png,nft_cap4_thmb.png,313
Cap314,White cap with petroman,nft_cap4.png,nft_cap4_thmb.png,314
Cap315,White cap with petroman,nft_cap4.png,nft_cap4_thmb.png,315
Cap316,White cap with petroman,nft_cap4.png,nft_cap4_thmb.png,316
Cap317,White cap with petroman,nft_cap4.png,nft_cap4_thmb.png,317
Cap318,White cap with petroman,nft_cap4.png,nft_cap4_thmb.png,318
Cap319,White cap with petroman,nft_cap4.png,nft_cap4_thmb.png,319
Cap320,White cap with petroman,nft_cap4.png,nft_cap4_thmb.png,320
Cap321,White cap with petroman,nft_cap4.png,nft_cap4_thmb.png,321
Cap322,White cap with petroman,nft_cap4.png,nft_cap4_thmb.png,322
Cap323,White cap with petroman,nft_cap4.png,nft_cap4_thmb.png,323
Cap324,White cap with petroman,nft_cap4.png,nft_cap4_thmb.png,324
Cap325,White cap with petroman,nft_cap4.png,nft_cap4_thmb.png,325
Cap326,White cap with petroman,nft_cap4.png,nft_cap4_thmb.png,326
Cap327,White cap with petroman,nft_cap4.png,nft_cap4_thmb.png,327
Cap328,White cap with petroman,nft_cap4.png,nft_cap4_thmb.png,328
Cap329,White cap with petroman,nft_cap4.png,nft_cap4_thmb.png,329
Cap330,White cap with petroman,nft_cap4.png,nft_cap4_thmb.png,330
Cap331,White cap with petroman,nft_cap4.png,nft_cap4_thmb.png,331
Cap332,White cap with petroman,nft_cap4.png,nft_cap4_thmb.png,332
Cap333,White cap with petroman,nft_cap4.png,nft_cap4_thmb.png,333
Cap334,White cap with petroman,nft_cap4.png,nft_cap4_thmb.png,334
Cap335,White cap with petroman,nft_cap4.png,nft_cap4_thmb.png,335
Cap336,White cap with petroman,nft_cap4.png,nft_cap4_thmb.png,336
Cap337,White cap with petroman,nft_cap4.png,nft_cap4_thmb.png,337
Cap338,White cap with petroman,nft_cap4.png,nft_cap4_thmb.png,338
Cap339,White cap with petroman,nft_cap4.png,nft_cap4_thmb.png,339
Cap340,White cap with petroman,nft_cap4.png,nft_cap4_thmb.png,340
Cap341,White cap with petroman,nft_cap4.png,nft_cap4_thmb.png,341
Cap342,White cap with petroman,nft_cap4.png,nft_cap4_thmb.png,342
Cap343,White cap with petroman,nft_cap4.png,nft_cap4_thmb.png,343
Cap344,White cap with petroman,nft_cap4.png,nft_cap4_thmb.png,344
Cap345,White cap with petroman,nft_cap4.png,nft_cap4_thmb.png,345
Cap346,White cap with petroman,nft_cap4.png,nft_cap4_thmb.png,346
Cap347,White cap with petroman,nft_cap4.png,nft_cap4_thmb.png,347
Cap348,White cap with petroman,nft_cap4.png,nft_cap4_thmb.png,348
Cap349,White cap with petroman,nft_cap4.png,nft_cap4_thmb.png,349
Cap350,White cap with petroman,nft_cap4.png,nft_cap4_thmb.png,350
Cap351,White cap with petroman,nft_cap4.png,nft_cap4_thmb.png,351
Cap352,White cap with petroman,nft_cap4.png,nft_cap4_thmb.png,352
Cap353,White cap with petroman,nft_cap4.png,nft_cap4_thmb.png,353
Cap354,White cap with petroman,nft_cap4.png,nft_cap4_thmb.png,354
Cap355,White cap with petroman,nft_cap4.png,nft_cap4_thmb.png,355
Cap356,White cap with petroman,nft_cap4.png,nft_cap4_thmb.png,356
Cap357,White cap with petroman,nft_cap4.png,nft_cap4_thmb.png,357
Cap358,White cap with petroman,nft_cap4.png,nft_cap4_thmb.png,358
Cap359,White cap with petroman,nft_cap4.png,nft_cap4_thmb.png,359
Cap360,White cap with petroman,nft_cap4.png,nft_cap4_thmb.png,360
Cap361,White cap with petroman,nft_cap4.png,nft_cap4_thmb.png,361
Cap362,White cap with petroman,nft_cap4.png,nft_cap4_thmb.png,362
Cap363,White cap with petroman,nft_cap4.png,nft_cap4_thmb.png,363
Cap364,White cap with petroman,nft_cap4.png,nft_cap4_thmb.png,364
Cap365,White cap with petroman,nft_cap4.png,nft_cap4_thmb.png,365
Cap366,White cap with petroman,nft_cap4.png,nft_cap4_thmb.png,366
Cap367,White cap with petroman,nft_cap4.png,nft_cap4_thmb.png,367
Cap368,White cap with petroman,nft_cap4.png,nft_cap4_thmb.png,368
Cap369,White cap with petroman,nft_cap4.png,nft_cap4_thmb.png,369
Cap370,White cap with petroman,nft_cap4.png,nft_cap4_thmb.png,370
Cap371,White cap with petroman,nft_cap4.png,nft_cap4_thmb.png,371
Cap372,White cap with petroman,nft_cap4.png,nft_cap4_thmb.png,372
Cap373,White cap with petroman,nft_cap4.png,nft_cap4_thmb.png,373
Cap374,White cap with petroman,nft_cap4.png,nft_cap4_thmb.png,374
Cap375,White cap with petroman,nft_cap4.png,nft_cap4_thmb.png,375
Cap376,White cap with petroman,nft_cap4.png,nft_cap4_thmb.png,376
Cap377,White cap with petroman,nft_cap4.png,nft_cap4_thmb.png,377
Cap378,White cap with petroman,nft_cap4.png,nft_cap4_thmb.png,378
Cap379,White cap with petroman,nft_cap4.png,nft_cap4_thmb.png,379
Cap380,White cap with petroman,nft_cap4.png,nft_cap4_thmb.png,380
Cap381,White cap with petroman,nft_cap4.png,nft_cap4_thmb.png,381
Cap382,White cap with petroman,nft_cap4.png,nft_cap4_thmb.png,382
Cap383,White cap with petroman,nft_cap4.png,nft_cap4_thmb.png,383
Cap384,White cap with petroman,nft_cap4.png,nft_cap4_thmb.png,384
Cap385,White cap with petroman,nft_cap4.png,nft_cap4_thmb.png,385
Cap386,White cap with petroman,nft_cap4.png,nft_cap4_thmb.png,386
Cap387,White cap with petroman,nft_cap4.png,nft_cap4_thmb.png,387
Cap388,White cap with petroman,nft_cap4.png,nft_cap4_thmb.png,388
Cap389,White cap with petroman,nft_cap4.png,nft_cap4_thmb.png,389
Cap390,White cap with petroman,nft_cap4.png,nft_cap4_thmb.png,390
Cap391,White cap with petroman,nft_cap4.png,nft_cap4_thmb.png,391
Cap392,White cap with petroman,nft_cap4.png,nft_cap4_thmb.png,392
Cap393,White cap with petroman,nft_cap4.png,nft_cap4_thmb.png,393
Cap394,White cap with petroman,nft_cap4.png,nft_cap4_thmb.png,394
Cap395,White cap with petroman,nft_cap4.png,nft_cap4_thmb.png,395
Cap396,White cap with petroman,nft_cap4.png,nft_cap4_thmb.png,396
Cap397,White cap with petroman,nft_cap4.png,nft_cap4_thmb.png,397
Cap398,White cap with petroman,nft_cap4.png,nft_cap4_thmb.png,398
Cap399,White cap with petroman,nft_cap4.png,nft_cap4_thmb.png,399
Cap400,White cap with petroman,nft_cap4.png,nft_cap4_thmb.png,400
Cap401,White cap with petroman,nft_cap4.png,nft_cap4_thmb.png,401
Cap402,White cap with petroman,nft_cap4.png,nft_cap4_thmb.png,402
Cap403,White cap with petroman,nft_cap4.png,nft_cap4_thmb.png,403
Cap404,White cap with petroman,nft_cap4.png,nft_cap4_thmb.png,404
Cap405,White cap with petroman,nft_cap4.png,nft_cap4_thmb.png,405
Cap406,White cap with petroman,nft_cap4.png,nft_cap4_thmb.png,406
Cap407,White cap with petroman,nft_cap4.png,nft_cap4_thmb.png,407
Cap408,White cap with petroman,nft_cap4.png,nft_cap4_thmb.png,408
Cap409,White cap with petroman,nft_cap4.png,nft_cap4_thmb.png,409
Cap410,White cap with petroman,nft_cap4.png,nft_cap4_thmb.png,410
Cap411,White cap with petroman,nft_cap4.png,nft_cap4_thmb.png,411
Cap412,White cap with petroman,nft_cap4.png,nft_cap4_thmb.png,412
Cap413,White cap with petroman,nft_cap4.png,nft_cap4_thmb.png,413
Cap414,White cap with petroman,nft_cap4.png,nft_cap4_thmb.png,414
Cap415,White cap with petroman,nft_cap4.png,nft_cap4_thmb.png,415
Cap416,White cap with petroman,nft_cap4.png,nft_cap4_thmb.png,416
Cap417,White cap with petroman,nft_cap4.png,nft_cap4_thmb.png,417
Cap418,White cap with petroman,nft_cap4.png,nft_cap4_thmb.png,418
Cap419,White cap with petroman,nft_cap4.png,nft_cap4_thmb.png,419
Cap420,White cap with petroman,nft_cap4.png,nft_cap4_thmb.png,420
Cap421,White cap with petroman,nft_cap4.png,nft_cap4_thmb.png,421
Cap422,White cap with petroman,nft_cap4.png,nft_cap4_thmb.png,422
Cap423,White cap with petroman,nft_cap4.png,nft_cap4_thmb.png,423
Cap424,White cap with petroman,nft_cap4.png,nft_cap4_thmb.png,424
Cap425,White cap with petroman,nft_cap4.png,nft_cap4_thmb.png,425
Cap426,White cap with petroman,nft_cap4.png,nft_cap4_thmb.png,426
Cap427,White cap with petroman,nft_cap4.png,nft_cap4_thmb.png,427
Cap428,White cap with petroman,nft_cap4.png,nft_cap4_thmb.png,428
Cap429,White cap with petroman,nft_cap4.png,nft_cap4_thmb.png,429
Cap430,White cap with petroman,nft_cap4.png,nft_cap4_thmb.png,430
Cap431,White cap with petroman,nft_cap4.png,nft_cap4_thmb.png,431
Cap432,White cap with petroman,nft_cap4.png,nft_cap4_thmb.png,432
Cap433,White cap with petroman,nft_cap4.png,nft_cap4_thmb.png,433
Cap434,White cap with petroman,nft_cap4.png,nft_cap4_thmb.png,434
Cap435,White cap with petroman,nft_cap4.png,nft_cap4_thmb.png,435
Cap436,White cap with petroman,nft_cap4.png,nft_cap4_thmb.png,436
Cap437,White cap with petroman,nft_cap4.png,nft_cap4_thmb.png,437
Cap438,White cap with petroman,nft_cap4.png,nft_cap4_thmb.png,438
Cap439,White cap with petroman,nft_cap4.png,nft_cap4_thmb.png,439
Cap440,White cap with petroman,nft_cap4.png,nft_cap4_thmb.png,440
Cap441,White cap with petroman,nft_cap4.png,nft_cap4_thmb.png,441
Cap442,White cap with petroman,nft_cap4.png,nft_cap4_thmb.png,442
Cap443,White cap with petroman,nft_cap4.png,nft_cap4_thmb.png,443
Cap444,White cap with petroman,nft_cap4.png,nft_cap4_thmb.png,444
Cap445,White cap with petroman,nft_cap4.png,nft_cap4_thmb.png,445
Cap446,White cap with petroman,nft_cap4.png,nft_cap4_thmb.png,446
Cap447,White cap with petroman,nft_cap4.png,nft_cap4_thmb.png,447
Cap448,White cap with petroman,nft_cap4.png,nft_cap4_thmb.png,448
Cap449,White cap with petroman,nft_cap4.png,nft_cap4_thmb.png,449
Cap450,White cap with petroman,nft_cap4.png,nft_cap4_thmb.png,450
Cap451,White cap with petroman,nft_cap4.png,nft_cap4_thmb.png,451
Cap452,White cap with petroman,nft_cap4.png,nft_cap4_thmb.png,452
Cap453,White cap with petroman,nft_cap4.png,nft_cap4_thmb.png,453
Cap454,White cap with petroman,nft_cap4.png,nft_cap4_thmb.png,454
Cap455,White cap with petroman,nft_cap4.png,nft_cap4_thmb.png,455
Cap456,White cap with petroman,nft_cap4.png,nft_cap4_thmb.png,456
Cap457,White cap with petroman,nft_cap4.png,nft_cap4_thmb.png,457
Cap458,White cap with petroman,nft_cap4.png,nft_cap4_thmb.png,458
Cap459,White cap with petroman,nft_cap4.png,nft_cap4_thmb.png,459
Cap460,White cap with petroman,nft_cap4.png,nft_cap4_thmb.png,460
Cap461,White cap with petroman,nft_cap4.png,nft_cap4_thmb.png,461
Cap462,White cap with petroman,nft_cap4.png,nft_cap4_thmb.png,462
Cap463,White cap with petroman,nft_cap4.png,nft_cap4_thmb.png,463
Cap464,White cap with petroman,nft_cap4.png,nft_cap4_thmb.png,464
Cap465,White cap with petroman,nft_cap4.png,nft_cap4_thmb.png,465
Cap466,White cap with petroman,nft_cap4.png,nft_cap4_thmb.png,466
Cap467,White cap with petroman,nft_cap4.png,nft_cap4_thmb.png,467
Cap468,White cap with petroman,nft_cap4.png,nft_cap4_thmb.png,468
Cap469,White cap with petroman,nft_cap4.png,nft_cap4_thmb.png,469
Cap470,White cap with petroman,nft_cap4.png,nft_cap4_thmb.png,470
Cap471,White cap with petroman,nft_cap4.png,nft_cap4_thmb.png,471
Cap472,White cap with petroman,nft_cap4.png,nft_cap4_thmb.png,472
Cap473,White cap with petroman,nft_cap4.png,nft_cap4_thmb.png,473
Cap474,White cap with petroman,nft_cap4.png,nft_cap4_thmb.png,474
Cap475,White cap with petroman,nft_cap4.png,nft_cap4_thmb.png,475
Cap476,White cap with petroman,nft_cap4.png,nft_cap4_thmb.png,476
Cap477,White cap with petroman,nft_cap4.png,nft_cap4_thmb.png,477
Cap478,White cap with petroman,nft_cap4.png,nft_cap4_thmb.png,478
Cap479,White cap with petroman,nft_cap4.png,nft_cap4_thmb.png,479
Cap480,White cap with petroman,nft_cap4.png,nft_cap4_thmb.png,480
Cap481,White cap with petroman,nft_cap4.png,nft_cap4_thmb.png,481
Cap482,White cap with petroman,nft_cap4.png,nft_cap4_thmb.png,482
Cap483,White cap with petroman,nft_cap4.png,nft_cap4_thmb.png,483
Cap484,White cap with petroman,nft_cap4.png,nft_cap4_thmb.png,484
Cap485,White cap with petroman,nft_cap4.png,nft_cap4_thmb.png,485
Cap486,White cap with petroman,nft_cap4.png,nft_cap4_thmb.png,486
Cap487,White cap with petroman,nft_cap4.png,nft_cap4_thmb.png,487
Cap488,White cap with petroman,nft_cap4.png,nft_cap4_thmb.png,488
Cap489,White cap with petroman,nft_cap4.png,nft_cap4_thmb.png,489
Cap490,White cap with petroman,nft_cap4.png,nft_cap4_thmb.png,490
Cap491,White cap with petroman,nft_cap4.png,nft_cap4_thmb.png,491
Cap492,White cap with petroman,nft_cap4.png,nft_cap4_thmb.png,492
Cap493,White cap with petroman,nft_cap4.png,nft_cap4_thmb.png,493
Cap494,White cap with petroman,nft_cap4.png,nft_cap4_thmb.png,494
Cap495,White cap with petroman,nft_cap4.png,nft_cap4_thmb.png,495
Cap496,White cap with petroman,nft_cap4.png,nft_cap4_thmb.png,496
Cap497,White cap with petroman,nft_cap4.png,nft_cap4_thmb.png,497
Cap498,White cap with petroman,nft_cap4.png,nft_cap4_thmb.png,498
Cap499,White cap with petroman,nft_cap4.png,nft_cap4_thmb.png,499
Cap500,White cap with petroman,nft_cap4.png,nft_cap4_thmb.png,500
Cap501,White cap with petroman,nft_cap4.png,nft_cap4_thmb.png,501
Cap502,White cap with petroman,nft_cap4.png,nft_cap4_thmb.png,502
Cap503,White cap with petroman,nft_cap4.png,nft_cap4_thmb.png,503
Cap504,White cap with petroman,nft_cap4.png,nft_cap4_thmb.png,504
Cap505,White cap with petroman,nft_cap4.png,nft_cap4_thmb.png,505
Cap506,White cap with petroman,nft_cap4.png,nft_cap4_thmb.png,506
Cap507,White cap with petroman,nft_cap4.png,nft_cap4_thmb.png,507
Cap508,White cap with petroman,nft_cap4.png,nft_cap4_thmb.png,508
Cap509,White cap with petroman,nft_cap4.png,nft_cap4_thmb.png,509
Cap510,White cap with petroman,nft_cap4.png,nft_cap4_thmb.png,510
Cap511,White cap with petroman,nft_cap4.png,nft_cap4_thmb.png,511
Cap512,White cap with petroman,nft_cap4.png,nft_cap4_thmb.png,512
Cap513,White cap with petroman,nft_cap4.png,nft_cap4_thmb.png,513
Cap514,White cap with petroman,nft_cap4.png,nft_cap4_thmb.png,514
Cap515,White cap with petroman,nft_cap4.png,nft_cap4_thmb.png,515
Cap516,White cap with petroman,nft_cap4.png,nft_cap4_thmb.png,516
Cap517,White cap with petroman,nft_cap4.png,nft_cap4_thmb.png,517
Cap518,White cap with petroman,nft_cap4.png,nft_cap4_thmb.png,518
Cap519,White cap with petroman,nft_cap4.png,nft_cap4_thmb.png,519
Cap520,White cap with petroman,nft_cap4.png,nft_cap4_thmb.png,520
Cap521,White cap with petroman,nft_cap4.png,nft_cap4_thmb.png,521
Cap522,White cap with petroman,nft_cap4.png,nft_cap4_thmb.png,522
Cap523,White cap with petroman,nft_cap4.png,nft_cap4_thmb.png,523
Cap524,White cap with petroman,nft_cap4.png,nft_cap4_thmb.png,524
Cap525,White cap with petroman,nft_cap4.png,nft_cap4_thmb.png,525
Cap526,White cap with petroman,nft_cap4.png,nft_cap4_thmb.png,526
Cap527,White cap with petroman,nft_cap4.png,nft_cap4_thmb.png,527
Cap528,White cap with petroman,nft_cap4.png,nft_cap4_thmb.png,528
Cap529,White cap with petroman,nft_cap4.png,nft_cap4_thmb.png,529
Cap530,White cap with petroman,nft_cap4.png,nft_cap4_thmb.png,530
Cap531,White cap with petroman,nft_cap4.png,nft_cap4_thmb.png,531
Cap532,White cap with petroman,nft_cap4.png,nft_cap4_thmb.png,532
Cap533,White cap with petroman,nft_cap4.png,nft_cap4_thmb.png,533
Cap534,White cap with petroman,nft_cap4.png,nft_cap4_thmb.png,534
Cap535,White cap with petroman,nft_cap4.png,nft_cap4_thmb.png,535
Cap536,White cap with petroman,nft_cap4.png,nft_cap4_thmb.png,536
Cap537,White cap with petroman,nft_cap4.png,nft_cap4_thmb.png,537
Cap538,White cap with petroman,nft_cap4.png,nft_cap4_thmb.png,538
Cap539,White cap with petroman,nft_cap4.png,nft_cap4_thmb.png,539
Cap540,White cap with petroman,nft_cap4.png,nft_cap4_thmb.png,540
Cap541,White cap with petroman,nft_cap4.png,nft_cap4_thmb.png,541
Cap542,White cap with petroman,nft_cap4.png,nft_cap4_thmb.png,542
Cap543,White cap with petroman,nft_cap4.png,nft_cap4_thmb.png,543
Cap544,White cap with petroman,nft_cap4.png,nft_cap4_thmb.png,544
Cap545,White cap with petroman,nft_cap4.png,nft_cap4_thmb.png,545
Cap546,White cap with petroman,nft_cap4.png,nft_cap4_thmb.png,546
Cap547,White cap with petroman,nft_cap4.png,nft_cap4_thmb.png,547
Cap548,White cap with petroman,nft_cap4.png,nft_cap4_thmb.png,548
Cap549,White cap with petroman,nft_cap4.png,nft_cap4_thmb.png,549
Cap550,White cap with petroman,nft_cap4.png,nft_cap4_thmb.png,550
Cap551,White cap with petroman,nft_cap4.png,nft_cap4_thmb.png,551
Cap552,White cap with petroman,nft_cap4.png,nft_cap4_thmb.png,552
Cap553,White cap with petroman,nft_cap4.png,nft_cap4_thmb.png,553
Cap554,White cap with petroman,nft_cap4.png,nft_cap4_thmb.png,554
Cap555,White cap with petroman,nft_cap4.png,nft_cap4_thmb.png,555
Cap556,White cap with petroman,nft_cap4.png,nft_cap4_thmb.png,556
Cap557,White cap with petroman,nft_cap4.png,nft_cap4_thmb.png,557
Cap558,White cap with petroman,nft_cap4.png,nft_cap4_thmb.png,558
Cap559,White cap with petroman,nft_cap4.png,nft_cap4_thmb.png,559
Cap560,White cap with petroman,nft_cap4.png,nft_cap4_thmb.png,560
Cap561,White cap with petroman,nft_cap4.png,nft_cap4_thmb.png,561
Cap562,White cap with petroman,nft_cap4.png,nft_cap4_thmb.png,562
Cap563,White cap with petroman,nft_cap4.png,nft_cap4_thmb.png,563
Cap564,White cap with petroman,nft_cap4.png,nft_cap4_thmb.png,564
Cap565,White cap with petroman,nft_cap4.png,nft_cap4_thmb.png,565
Cap566,White cap with petroman,nft_cap4.png,nft_cap4_thmb.png,566
Cap567,White cap with petroman,nft_cap4.png,nft_cap4_thmb.png,567
Cap568,White cap with petroman,nft_cap4.png,nft_cap4_thmb.png,568
Cap569,White cap with petroman,nft_cap4.png,nft_cap4_thmb.png,569
Cap570,White cap with petroman,nft_cap4.png,nft_cap4_thmb.png,570
Cap571,White cap with petroman,nft_cap4.png,nft_cap4_thmb.png,571
Cap572,White cap with petroman,nft_cap4.png,nft_cap4_thmb.png,572
Cap573,White cap with petroman,nft_cap4.png,nft_cap4_thmb.png,573
Cap574,White cap with petroman,nft_cap4.png,nft_cap4_thmb.png,574
Cap575,White cap with petroman,nft_cap4.png,nft_cap4_thmb.png,575
Cap576,White cap with petroman,nft_cap4.png,nft_cap4_thmb.png,576
Cap577,White cap with petroman,nft_cap4.png,nft_cap4_thmb.png,577
Cap578,White cap with petroman,nft_cap4.png,nft_cap4_thmb.png,578
Cap579,White cap with petroman,nft_cap4.png,nft_cap4_thmb.png,579
Cap580,White cap with petroman,nft_cap4.png,nft_cap4_thmb.png,580
Cap581,White cap with petroman,nft_cap4.png,nft_cap4_thmb.png,581
Cap582,White cap with petroman,nft_cap4.png,nft_cap4_thmb.png,582
Cap583,White cap with petroman,nft_cap4.png,nft_cap4_thmb.png,583
Cap584,White cap with petroman,nft_cap4.png,nft_cap4_thmb.png,584
Cap585,White cap with petroman,nft_cap4.png,nft_cap4_thmb.png,585
Cap586,White cap with petroman,nft_cap4.png,nft_cap4_thmb.png,586
Cap587,White cap with petroman,nft_cap4.png,nft_cap4_thmb.png,587
Cap588,White cap with petroman,nft_cap4.png,nft_cap4_thmb.png,588
Cap589,White cap with petroman,nft_cap4.png,nft_cap4_thmb.png,589
Cap590,White cap with petroman,nft_cap4.png,nft_cap4_thmb.png,590
Cap591,White cap with petroman,nft_cap4.png,nft_cap4_thmb.png,591
Cap592,White cap with petroman,nft_cap4.png,nft_cap4_thmb.png,592
Cap593,White cap with petroman,nft_cap4.png,nft_cap4_thmb.png,593
Cap594,White cap with petroman,nft_cap4.png,nft_cap4_thmb.png,594
Cap595,White cap with petroman,nft_cap4.png,nft_cap4_thmb.png,595
Cap596,White cap with petroman,nft_cap4.png,nft_cap4_thmb.png,596
Cap597,White cap with petroman,nft_cap4.png,nft_cap4_thmb.png,597
Cap598,White cap with petroman,nft_cap4.png,nft_cap4_thmb.png,598
Cap599,White cap with petroman,nft_cap4.png,nft_cap4_thmb.png,599